App_698670	698670	75	1285.0	76.5	14756	76.5	14756	78.0	2401	1	strong_fit|exceptional_discount	Horror	14 Oct, 2022	Scorn
App_1042490	1042490	75	1300.0	86.5	4558	86.5	4558	84.0	392	1	strong_fit|exceptional_discount	Adventure|Story Rich	8 Dec, 2020	Call of the Sea
App_1161590	1161590	75	1300.0	80.5	3845	80.5	3845	88.0	671	1	strong_fit|exceptional_discount	Adventure|Cyberpunk	20 Jul, 2023	Punch Club 2: Fast Forward
App_2067050	2067050	75	1300.0	85.5	3128	85.5	3128		0	1	strong_fit|exceptional_discount	Action|Action-Adventure	29 Aug, 2024	Squirrel with a Gun
App_275100	275100	75	1600.0	86.5	3382	86.5	3382	91.0	364	1	strong_fit|exceptional_discount	Adventure|Emotional	9 Mar, 2015	Shelter 2
App_221040	221040	75	1818.0	76.5	51916	76.5	51916	78.0	5058	1	strong_fit|exceptional_discount	Action|Horror	21 Mar, 2013	Resident Evil 6
App_251110	251110	75	1900.0	87.5	3484	87.5	3484	88.0	288	1	strong_fit|exceptional_discount	Exploration|Adventure|Mystery	15 Jan, 2016	INFRA
App_1371580	1371580	75	1900.0	67.5	15550	67.5	15550	78.0	1365	1	strong_fit|exceptional_discount	Open World	21 Feb, 2024	Myth of Empires
App_1262560	1262560	75	1950.0	76.5	25434	76.5	25434	79.0	3662	1	strong_fit|exceptional_discount	Open World|Action	18 Jun, 2020	Need for Speed™ Most Wanted
App_1237980	1237980	75	1950.0	78.5	5212	78.5	5212	76.0	717	1	strong_fit|exceptional_discount	Sci-fi|Singleplayer|Adventure	11 Jun, 2020	STAR WARS™ Battlefront
App_718850	718850	75	2475.0	77.5	4831	77.5	4831	79.0	578	1	strong_fit|exceptional_discount	Sci-fi	6 Aug, 2019	Age of Wonders: Planetfall
App_384490	384490	75	2475.0	62.5	3710	62.5	3710	79.0	598	1	strong_fit|exceptional_discount	Souls-like|Adventure|Action	12 Jul, 2016	NECROPOLIS: BRUTAL EDITION
App_1237950	1237950	75	3875.0	87.5	87785	87.5	87785	86.0	4909	1	mainstream_quality|strong_fit	Singleplayer|Sci-fi|Action	11 Jun, 2020	STAR WARS™ Battlefront™ II
App_2183900	2183900	75	4247.0	83.5	170842	83.5	170842	87.0	24228	1	mainstream_quality|strong_fit	Action|Adventure|Third Person	9 Sep, 2024	Warhammer 40,000: Space Marine 2
App_274500	274500	74	858.0	93.5	3943	93.5	3943		0	1	strong_fit|very_high_rating	Action|Sci-fi	2 Jun, 2016	Brigador: Up-Armored Edition
App_493520	493520	73	2022.0	85.5	46286	85.5	46286	83.0	3362	1	mainstream_quality|strong_fit	Horror	9 Dec, 2021	GTFO
App_1262580	1262580	73	3159.0	84.5	27556	84.5	27556	86.0	3560	1	mainstream_quality|strong_fit	Open World	18 Jun, 2020	Need for Speed™ Payback
App_1527950	1527950	72	2239.0	84.5	32371	84.5	32371	79.0	3611	1	mainstream_quality|strong_fit	RPG|Open World	12 Apr, 2023	Wartales
App_780290	780290	72	2240.0	81.5	13672	81.5	13672	78.0	397	1	mainstream_quality|strong_fit	Dark Fantasy	20 Oct, 2021	Gloomhaven
Sub_31161	236450	70	501.0	95.5	4995	95.5	4995	94.0	273	1	strong_fit|very_high_rating	Action|Remake	24 Sep, 2013	PAC-MAN Championship Edition DX+ All You Can Eat Edition Bundle
App_434650	434650	70	555.0	86.5	18434	86.5	18434	88.0	852	1	mainstream_quality|strong_fit	Hack and Slash	31 Aug, 2016	Lost Castle / 失落城堡
App_1765350	1765350	70	585.0	96.5	3678	96.5	3678		0	1	strong_fit|very_high_rating	Adventure|Story Rich	11 Jan, 2023	候鸟
App_475190	475190	70	630.0	90.5	3188	90.5	3188		0	1	strong_fit|very_high_rating	Exploration|Horror|Adventure	26 Apr, 2017	Scanner Sombre
App_13520	13520	70	735.0	80.5	11127	80.5	11127	85.0	1913	1	mainstream_quality|strong_fit	Action|Open World|Singleplayer	1 Apr, 2008	Far Cry®
App_391730	391730	70	1230.0	89.5	5560	89.5	5560		0	1	mainstream_quality|strong_fit	Open World|RPG|Exploration|Singleplayer	21 Jan, 2016	Crashlands
App_1106840	1106840	70	1353.0	84.5	27221	84.5	27221	75.0	727	1	mainstream_quality|strong_fit	Open World	8 May, 2020	Hydroneer
App_1929610	1929610	70	1560.0	84.5	18948	84.5	18948	85.0	2082	1	mainstream_quality|strong_fit	Horror	25 Sep, 2023	Demonologist
App_321800	321800	70	1560.0	90.5	3122	90.5	3122		0	1	strong_fit|very_high_rating	RPG|Fantasy|Adventure|Singleplayer	30 Oct, 2014	Icewind Dale: Enhanced Edition
App_1161580	1161580	70	2697.0	88.5	19482	88.5	19482	87.0	580	1	mainstream_quality|strong_fit	Sci-fi|Singleplayer	24 May, 2022	Hardspace: Shipbreaker
App_1150440	1150440	70	2997.0	86.5	15386	86.5	15386	88.0	1165	1	mainstream_quality|strong_fit	Action|Singleplayer|Sci-fi	19 Jun, 2023	Aliens: Dark Descent
App_2186680	2186680	70	2999.0	86.5	34091	86.5	34091	89.0	6067	1	mainstream_quality|strong_fit	RPG|Choices Matter	7 Dec, 2023	Warhammer 40,000: Rogue Trader
App_488790	488790	70	3389.0	84.5	32207	84.5	32207	85.0	2436	1	mainstream_quality|strong_fit	RPG|Superhero|Singleplayer	16 Oct, 2017	South Park™: The Fractured But Whole™
App_1069230	1069230	69	775.0	96.5	3136	96.5	3136		0	1	strong_fit|very_high_rating	Adventure|Mystery	26 Jul, 2019	月影魅像-解放之羽-
App_1328350	1328350	69	1416.0	93.5	4554	93.5	4554		0	1	strong_fit|very_high_rating	Action|Cyberpunk	11 Aug, 2023	Turbo Overkill
App_280220	280220	67	1353.0	95.5	3265	95.5	3265		0	1	strong_fit|very_high_rating	Singleplayer|Sci-fi	27 Mar, 2014	Creeper World 3: Arc Eternal
App_1268750	1268750	67	2508.0	79.5	29737	79.5	29737	73.0	1335	1	strong_fit|recent_fit	Action|Sci-fi	10 Oct, 2024	Starship Troopers: Extermination
App_1484720	1484720	66	170.0	93.5	4045	93.5	4045		0	1	strong_fit|very_high_rating	Horror	19 Oct, 2021	Dead Estate
App_304650	304650	66	901.0	82.5	7625	82.5	7625	84.0	483	1	mainstream_quality|strong_fit	Exploration|Story Rich|Adventure	6 Feb, 2015	SUNLESS SEA
App_2698780	2698780	66	986.0	79.5	5726	79.5	5726	79.0	596	1	strong_fit|recent_fit	Open World	26 May, 2025	ContractVille
App_1763250	1763250	66	2176.0	79.5	3814	79.5	3814		0	1	strong_fit|recent_fit	Hack and Slash|Action	23 Sep, 2025	SWORN
App_553640	553640	65	682.0	89.5	25720	89.5	25720		0	1	mainstream_quality|strong_fit	Action|Hack and Slash|Adventure	17 Nov, 2016	ICEY
App_569860	569860	65	927.0	91.5	3628	91.5	3628		0	1	strong_fit|very_high_rating	Adventure|Story Rich	30 Mar, 2017	Thimbleweed Park™
App_808910	808910	65	1015.0	85.5	2168	85.5	2168		0	1	strong_fit|substantive_content	Action|Sci-fi|Singleplayer	16 Nov, 2018	STAR WARS™ Episode I Racer
App_1229240	1229240	65	1155.0	87.5	7785	87.5	7785		0	1	mainstream_quality|strong_fit	RPG|JRPG	8 Dec, 2022	Chained Echoes
App_1458100	1458100	65	1435.0	88.5	7522	88.5	7522	82.0	293	1	mainstream_quality|strong_fit	Story Rich	7 Apr, 2021	Cozy Grove
App_1740720	1740720	65	1995.0	84.5	9740	84.5	9740	85.0	465	1	mainstream_quality|strong_fit	Hack and Slash|Singleplayer|Action	22 Mar, 2023	Have a Nice Death
App_17410	17410	65	2449.0	86.5	31271	86.5	31271	89.0	5351	1	mainstream_quality|strong_fit	Action-Adventure|Exploration|Singleplayer	14 Jan, 2009	Mirror's Edge™
App_1054510	1054510	63	1542.0	86.5	4038	86.5	4038		0	1	strong_fit|recent_fit	RPG|Third Person	25 Apr, 2025	Survivalist: Invisible Strain
App_865360	865360	62	1368.0	81.5	14501	81.5	14501	84.0	2356	1	mainstream_quality|strong_fit	Story Rich|Exploration	10 Oct, 2019	We Were Here Together
App_3587610	3587610	60	600.0	82.5	4166	82.5	4166	75.0	1014	1	strong_fit|recent_fit	Souls-like	15 Aug, 2025	The Dark Queen of Mortholme
