App_1793070	1793070	50	925	Aery VR - Little Bird Adventure
App_387850	387850	50	925	Airport Madness 4
App_369290	369290	50	925	Airport Madness: World Edition
App_570970	570970	50	925	ARENA an Age of Barbarians story
App_398911	398911	50	925	Armello Original Soundtrack - Wyld's Call
App_787840	787840	50	925	Blacksmith
App_1491780	1491780	50	925	Bloody Paws Unleashed
App_966090	966090	50	925	Canasta 3D Premium
App_2141690	2141690	50	925	Car Dealership Simulator
App_909250	909250	50	925	Construction Truck Simulator - Overtime Expansion Pack
App_1178500	1178500	50	925	Crazy Eights 3D Premium
App_1550510	1550510	50	925	Creepy Tale 2
App_1866880	1866880	50	925	Cultivation Story: Reincarnation
App_1889720	1889720	50	925	Curious Expedition 2 Soundtrack
App_850340	850340	50	925	Deep Voyage
App_1246490	1246490	50	925	Domino Simulator
App_1957230	1957230	50	925	Employee of The Month
App_1314300	1314300	50	925	Flying Hero VR
App_643810	643810	50	925	Fugl
App_1178510	1178510	50	925	Gin Rummy 3D Premium
App_1431230	1431230	50	925	Gods of Sand
App_1008700	1008700	50	925	Golf Pool VR
App_1167700	1167700	50	925	hallucination - 幻觉
App_1653100	1653100	50	925	Heliotropism
App_2187640	2187640	50	925	Hero Z TPS
App_1419960	1419960	50	925	Interstellar Space: Genesis - Natural Law
App_880200	880200	50	925	J15 Jet Fighter VR (歼15舰载机)
App_2077990	2077990	50	925	Junkyard Fury 2
App_1216490	1216490	50	925	Knock Harder
App_1843730	1843730	50	925	Last Group Out
App_642170	642170	50	925	Legendary Hunter VR
App_938070	938070	50	925	LOGistICAL 2: Belgium
App_1065890	1065890	50	925	LOGistICAL 2: France
App_1026560	1026560	50	925	LOGistICAL 2: USA - Nevada
App_1186140	1186140	50	925	LOGistICAL 2: Vampires - Bundle
App_1140551	1140551	50	925	LOGistICAL 2: Washington
App_1637970	1637970	50	925	LOGistICAL 3
App_733540	733540	50	925	LOGistICAL: Brazil
App_684940	684940	50	925	LOGistICAL: British Isles
App_853850	853850	50	925	LOGistICAL: Caribbean
App_693650	693650	50	925	LOGistICAL: Italy
App_721380	721380	50	925	LOGistICAL: USA - New York
App_606870	606870	50	925	MetaMorph: Dungeon Creatures
App_1535500	1535500	50	925	Mini Car Racing - Tiny Split Screen Tournament
App_1855920	1855920	50	925	Missing Plane: Survival
App_1414020	1414020	50	925	Mixolumia
App_507010	507010	50	925	Mr.President!
App_664570	664570	50	925	My Personal Angel
App_1694860	1694860	50	925	Night of the Stars
App_1794690	1794690	50	925	Nihongo Heroes
App_1743010	1743010	50	925	One Last Memory
App_336020	336020	50	925	Pahelika: Secret Legends
App_562410	562410	50	925	Panty Party
App_2005400	2005400	50	925	Paper Flight - Speed Rush
App_543580	543580	50	925	Pipejob
App_1535200	1535200	50	925	Rocket Skates VR
App_567960	567960	50	925	Say Goodbye - Deluxe Edition
App_1938490	1938490	50	925	Scrolls of Sengoku Dynasty - Complete Scrolls Collection
App_1003730	1003730	50	925	Soko Loco Deluxe
App_107200	107200	50	925	Space Pirates and Zombies
App_855860	855860	50	925	Superfighters Deluxe
App_1693760	1693760	50	925	The Ditty of Carmeana
App_1074320	1074320	50	925	Total War: WARHAMMER II - The Hunter & The Beast
App_965220	965220	50	925	Total War: WARHAMMER II - The Prophet & The Warlock
App_779880	779880	50	925	Total War: WARHAMMER II - The Queen & The Crone
App_1158180	1158180	50	925	Total War: WARHAMMER II - The Shadow & The Blade
App_1556110	1556110	50	925	Total War: WARHAMMER II - The Silence & The Fury
App_1315750	1315750	50	925	Total War: WARHAMMER II - The Twisted & The Twilight
App_1209120	1209120	50	925	Total War: WARHAMMER II - The Warden & The Paunch
App_659940	659940	50	925	Travel Riddles: Trip To France
App_662230	662230	50	925	Trendpoker 3D: Texas Hold'em Poker
App_702310	702310	50	925	Tricks and Treats
App_1751400	1751400	50	925	Winter Warfare: Survival
App_709210	709210	50	925	World of Guns: Machine Guns Pack #1
App_558630	558630	50	925	World of Guns: World War I Pack #1
App_1638220	1638220	50	925	Xuan-Yuan Sword: The Scar of Sky
App_873490	873490	50	925	不落城-Unconquered Castle
App_654260	654260	50	925	旧手表 - Old Watch
App_490390	490390	50	925	神明的一天世界(God's One Day World)
App_5007540	5007540	20	926	Desktop Pal
App_3660210	3660210	47	927	Car Mechanic Simulator 2021 - Police DLC
App_597170	597170	65	927	Clone Drone in the Danger Zone
App_768562	768562	65	927	Horse Paradise - Pegasus Expansion Pack
App_832320	832320	65	927	Mighty Switch Force! Collection
App_2720730	2720730	30	927	Our Journey: The Silent Voice
App_1515460	1515460	65	927	Prison Tycoon®: Under New Management
App_1671350	1671350	65	927	Touhou Monster TD ~ 幻想乡妖怪塔防
App_656350	656350	65	927	UnderMine
App_3401000	3401000	68	928	Car Mechanic Shop Simulator
App_3618200	3618200	68	928	Gun Center Simulator
App_302510	302510	71	928	Ryse: Son of Rome
App_1057580	1057580	68	928	Shopkeeper: My First Supermarket
App_3552050	3552050	40	930	Burger Witch
App_1902850	1902850	70	930	Dreams in the Witch House
App_3874300	3874300	40	930	Go Ahead
App_2672060	2672060	70	930	Other Side Of Mist And Mountain
App_946180	946180	60	931	The Gardens Between Soundtrack
App_2470710	2470710	22	936	Joyride : Lowpoly World
App_846110	846110	61	936	The friends of Ringo Ishikawa
App_1252630	1252630	25	937	Flip Tale
