App_1386900	1386900	80	780.0	83.5	2483	84.0	481	3	strong_fit|strong_niche_fit	Horror|Cyberpunk|Stealth	10 Nov, 2020	Observer: System Redux
App_24880	24880	80	799.0	90.5	2832	92.0	427	3	strong_fit|strong_niche_fit	Action|Adventure|Singleplayer|Open World|Third Person|Stealth	7 Mar, 2024	The Saboteur™
App_1371720	1371720	80	1040.0	89.5	2986		0	3	strong_fit|strong_niche_fit	Story Rich|Stealth|Mystery	2 Jun, 2022	Card Shark
App_1449280	1449280	80	1350.0	89.5	2086		0	3	strong_fit|strong_niche_fit	Action|Action-Adventure|Third Person|Sci-fi	17 Nov, 2020	Ghostbusters: The Video Game Remastered
App_1590230	1590230	80	1520.0	95.5	1674		0	3	strong_fit|strong_niche_fit	Mystery|Fantasy|Story Rich	23 Jun, 2023	Tyrion Cuthbert: Attorney of the Arcane
App_1265930	1265930	80	2600.0	84.5	4150	82.0	341	3	strong_fit|exceptional_discount	Choices Matter|Story Rich|Third Person	1 Feb, 2022	Life is Strange: Before the Storm Remastered
App_1084640	1084640	79	1487.0	93.5	1629		0	3	strong_fit|strong_niche_fit	Detective|Story Rich|Adventure|Crime	5 Nov, 2020	Chicken Police - Paint it RED!
App_367480	367480	75	662.0	80.5	437		0	3	strong_niche_fit|substantive_content	Action|Adventure|Open World|Stealth|Superhero	28 Oct, 2015	Batman™: Arkham Knight Season Pass
App_1658290	1658290	75	1112.0	84.5	2083		0	3	strong_fit|strong_niche_fit	Action RPG|Adventure|RPG|JRPG|Action-Adventure	10 May, 2022	Eiyuden Chronicle: Rising
App_1160220	1160220	75	1300.0	93.5	2568		0	3	strong_fit|strong_niche_fit	Story Rich|Open World|Exploration|Detective	4 Sep, 2020	Paradise Killer
App_1475810	1475810	75	3749.0	82.5	13027	80.0	586	3	mainstream_quality|strong_fit	Singleplayer|Open World|Horror|Action-Adventure|Action	24 Mar, 2022	Ghostwire: Tokyo
App_1293160	1293160	75	3875.0	88.5	7549	87.0	807	3	mainstream_quality|strong_fit	Adventure|Horror|Story Rich|Third Person	28 Jan, 2021	The Medium
App_1462040	1462040	75	4000.0	85.5	44630	88.0	678	3	mainstream_quality|strong_fit	RPG|Action RPG|JRPG|Singleplayer|Action-Adventure	17 Jun, 2022	FINAL FANTASY VII REMAKE INTERGRADE
App_1334040	1334040	74	689.0	81.5	2646		0	3	strong_fit|strong_niche_fit	Horror|Action-Adventure|Survival Horror	2 Jul, 2020	Paper Dolls 2 纸人贰
App_6310	6310	70	870.0	88.5	1892		0	3	strong_fit|strong_niche_fit	Adventure|Story Rich|Fantasy|Sci-fi	1 May, 2007	The Longest Journey
App_571880	571880	70	900.0	95.5	1537		0	3	strong_fit|strong_niche_fit	Story Rich|Choices Matter|Mystery	31 Jan, 2017	Angels with Scaly Wings™ / 鱗羽の天使
App_466300	466300	70	1560.0	93.5	2786		0	3	strong_fit|strong_niche_fit	RPG|Story Rich|Choices Matter|Dark Fantasy	11 Apr, 2017	Planescape: Torment: Enhanced Edition
App_329050	329050	70	2727.0	86.5	17077	87.0	1357	3	mainstream_quality|strong_fit	Action|Hack and Slash|Character Action|Singleplayer|Third Person	23 Jun, 2015	Devil May Cry 4 Special Edition
App_10150	10150	70	3000.0	79.5	12586	84.0	1085	3	mainstream_quality|strong_fit	Action|Open World|Singleplayer|Superhero|Third Person|Adventure	12 Jun, 2009	Prototype™
App_1493640	1493640	70	4497.0	83.5	6478	80.0	1273	3	mainstream_quality|strong_fit	Third Person|Emotional|Action RPG|Exploration|RPG	12 Feb, 2024	Banishers: Ghosts of New Eden
App_795420	795420	68	1780.0	94.5	1634		0	3	strong_fit|strong_niche_fit	Detective|Story Rich|Mystery	15 Apr, 2021	The Darkside Detective: A Fumble in the Dark
App_380150	380150	60	1012.0	78.5	1710		0	3	strong_fit|strong_niche_fit	Sci-fi|Horror|Adventure|Story Rich	31 Aug, 2015	STASIS
App_1123050	1123050	60	1320.0	84.5	4663	85.0	538	3	strong_fit|strong_niche_fit	Souls-like|Dark Fantasy|Action-Adventure|Exploration	2 Aug, 2021	GRIME
App_2366970	2366970	60	2000.0	95.5	1639		0	3	strong_fit|strong_niche_fit	RPG|Action-Adventure|Story Rich|Choices Matter	15 Aug, 2024	Arco
App_2473480	2473480	60	2960.0	78.5	1889		0	3	strong_fit|recent_fit	Action RPG|Souls-like|Combat|Dark Fantasy|Singleplayer|Adventure	28 Jan, 2025	Tails of Iron 2: Whiskers of Winter
App_1191120	1191120	55	1845.0	86.5	3475		0	3	strong_fit|strong_niche_fit	Choices Matter|Story Rich|Emotional|RPG|Adventure	13 Oct, 2021	Growing Up
App_2877540	2877540	55	1845.0	83.5	939		0	3	strong_niche_fit|recent_fit	Action RPG|Hack and Slash|Souls-like	30 Oct, 2024	Heretical
App_368390	368390	55	1845.0	93.5	2049		0	3	strong_fit|strong_niche_fit	Detective|Adventure|Story Rich|Mystery	27 Jul, 2017	The Darkside Detective
App_1578220	1578220	50	150.0	91.5	2600	93.0	1831	3	strong_fit|strong_niche_fit	Story Rich|Dark Fantasy|Horror|Action	31 May, 2024	Mister Furry: Hot Muscles
App_4303040	4303040	50	750.0	86.5	1087		0	3	strong_niche_fit|recent_fit	Action|Adventure|Survival Horror|Horror|Action-Adventure	30 Jan, 2026	Pyromaniac
App_410890	410890	50	800.0	96.5	1758		0	3	strong_fit|strong_niche_fit	Horror|Mystery|Story Rich	13 Nov, 2015	Higurashi When They Cry Hou - Ch.2 Watanagashi
App_1735950	1735950	50	800.0	89.5	2038		0	3	strong_fit|strong_niche_fit	Horror|Mystery|Detective	2 Dec, 2021	Paper Bride
App_2159210	2159210	50	1150.0	97.5	1206		0	3	strong_niche_fit|substantive_content	Story Rich|Adventure|Emotional|RPG|JRPG	20 Sep, 2024	Just a To the Moon Series Beach Episode
App_239120	239120	50	1250.0	80.5	3019		0	3	strong_fit|strong_niche_fit	RPG|JRPG|Remake|Fantasy|Singleplayer	27 May, 2014	Final Fantasy III (3D Remake)
App_3364770	3364770	50	1300.0	91.5	1174		0	3	strong_niche_fit|recent_fit	Mystery|Cinematic|Detective	12 Sep, 2025	Misty Judgment
App_1574240	1574240	50	1325.0	89.5	4925	87.0	316	3	strong_fit|strong_niche_fit	RPG|Open World|Dark Fantasy|Exploration|Adventure|Story Rich	14 May, 2024	Dread Delusion
App_2758000	2758000	50	1450.0	86.5	4024		0	3	strong_fit|strong_niche_fit	RPG|Choices Matter|Story Rich|Cinematic	19 Feb, 2024	Vanity Fair: The Pursuit
App_661790	661790	50	1450.0	87.5	2295	87.0	305	3	strong_fit|strong_niche_fit	Horror|Survival Horror|Action|Open World	3 Sep, 2018	Witch Hunt
App_559210	559210	50	2050.0	96.5	2922		0	3	strong_fit|strong_niche_fit	Story Rich|Emotional|JRPG|RPG	10 May, 2017	Rakuen
App_1105500	1105500	50	3500.0	91.5	3705		0	3	strong_fit|very_high_rating	Action|Adventure|Open World|RPG|Action RPG|Third Person	28 Jan, 2021	Yakuza 4 Remastered
App_1105510	1105510	50	3500.0	90.5	3899		0	3	strong_fit|very_high_rating	Action|Adventure|Open World|Crime|RPG|Story Rich	28 Jan, 2021	Yakuza 5 Remastered
App_1388590	1388590	50	3500.0	94.5	3842		0	3	strong_fit|very_high_rating	Action|Adventure|Open World|RPG|Crime|Action RPG	25 Mar, 2021	Yakuza 6: The Song of Life
App_1107300	1107300	93	185.0	88.5	1609		0	2	strong_fit|strong_niche_fit	Adventure|Mystery|Story Rich	14 Jan, 2021	Down in Bermuda
App_542050	542050	90	265.0	88.5	1653		0	2	strong_fit|strong_niche_fit	Story Rich|Emotional	15 May, 2018	Forgotton Anne
App_203830	203830	90	265.0	85.5	2077	84.0	382	2	strong_fit|strong_niche_fit	Adventure|Singleplayer|Fantasy|Story Rich	22 Jun, 2012	The Dark Eye: Chains of Satinav
App_243200	243200	90	265.0	88.5	2094	88.0	422	2	strong_fit|strong_niche_fit	Adventure|Story Rich|Singleplayer|Fantasy	29 Aug, 2013	The Dark Eye: Memoria
App_370910	370910	90	290.0	92.5	1861		0	2	strong_fit|strong_niche_fit	Adventure|Mystery|Detective	5 May, 2016	Kathy Rain
App_230820	230820	90	330.0	88.5	2765	89.0	546	2	strong_fit|strong_niche_fit	Adventure|Fantasy|Story Rich|Singleplayer	28 May, 2013	The Night of the Rabbit
Sub_28005	230820	90	330.0	88.5	2765	89.0	546	2	strong_fit|strong_niche_fit	Adventure|Fantasy|Story Rich	28 May, 2013	The Night of the Rabbit Premium Edition
App_234270	234270	90	550.0	91.5	1734		0	2	strong_fit|strong_niche_fit	Choices Matter|Story Rich|Adventure	15 Aug, 2017	Ken Follett's The Pillars of the Earth
App_1042800	1042800	90	640.0	78.5	2886	78.0	417	2	strong_fit|strong_niche_fit	Action|Adventure|RPG|Hack and Slash|Action RPG	30 Jul, 2019	Warhammer 40,000: Inquisitor - Prophecy
App_818320	818320	90	1330.0	89.5	1593		0	2	strong_fit|strong_niche_fit	Action|Adventure|Open World|Superhero	15 Jun, 2018	LEGO® The Incredibles
App_1836160	1836160	89	253.0	85.5	2419	87.0	2144	2	strong_fit|strong_niche_fit	Open World|Cinematic	4 Mar, 2022	PANELKI
App_329930	329930	85	397.0	91.5	796		0	2	strong_niche_fit|substantive_content	Adventure|Action|Choices Matter|Story Rich	29 Jan, 2015	Life is Strange - Episode 5
App_1158890	1158890	85	397.0	80.5	1898		0	2	strong_fit|strong_niche_fit	Adventure|Story Rich|Dark Fantasy	7 Dec, 2021	White Shadows
App_503350	503350	85	435.0	79.5	2225	85.0	470	2	strong_fit|strong_niche_fit	Horror|Survival Horror	7 Apr, 2017	White Noise 2
App_1298140	1298140	85	585.0	82.5	1567		0	2	strong_fit|strong_niche_fit	Survival Horror|Horror	28 Jun, 2022	Fobia - St. Dinfna Hotel
App_924220	924220	85	900.0	88.5	667		0	2	strong_niche_fit|substantive_content	Action|Story Rich|Singleplayer|Horror	16 May, 2019	Metro Exodus Expansion Pass
App_691690	691690	85	960.0	72.5	2948	83.0	1088	2	strong_fit|strong_niche_fit	Singleplayer|RPG|Story Rich|Dark Fantasy	23 Mar, 2018	Ash of Gods: Redemption
App_1324340	1324340	85	1065.0	78.5	2677	82.0	257	2	strong_fit|strong_niche_fit	Action|Adventure|Action-Adventure|Action RPG|Exploration	2 Sep, 2022	Made in Abyss: Binary Star Falling into Darkness
App_3730	3730	84	240.0	86.5	2514	85.0	222	2	strong_fit|strong_niche_fit	Action|Horror|Sci-fi	15 Jan, 2010	Aliens versus Predator Classic 2000
App_712730	712730	80	300.0	92.5	2380		0	2	strong_fit|strong_niche_fit	Horror|Detective	26 Oct, 2017	SIMULACRA
App_263620	263620	80	370.0	80.5	2756	82.0	219	2	strong_fit|strong_niche_fit	Hack and Slash|Third Person	10 Mar, 2014	Mitsurugi Kamui Hikae
App_510420	510420	80	370.0	93.5	2398		0	2	strong_fit|strong_niche_fit	Story Rich|Singleplayer|Mystery	16 Oct, 2018	The Hex
App_555220	555220	80	410.0	95.5	2856		0	2	strong_fit|strong_niche_fit	Horror|Story Rich|Adventure	12 Jan, 2017	Detention
App_326480	326480	80	480.0	91.5	2035		0	2	strong_fit|strong_niche_fit	Choices Matter|Story Rich	24 Nov, 2014	If My Heart Had Wings
App_13530	13530	80	490.0	79.5	2716	78.0	307	2	strong_fit|strong_niche_fit	Action|Adventure|Third Person|Hack and Slash|Singleplayer	27 Aug, 2009	Prince of Persia: The Two Thrones™
App_19980	19980	80	490.0	77.5	3734	82.0	427	2	strong_niche_fit|exceptional_discount	Action|Adventure|Third Person|Singleplayer|Fantasy	10 Dec, 2008	Prince of Persia®
App_1220150	1220150	80	530.0	82.5	1910		0	2	strong_fit|strong_niche_fit	Exploration|Hack and Slash|Souls-like	4 Feb, 2021	Blue Fire
App_2820	2820	80	860.0	83.5	2092	89.0	366	2	strong_fit|strong_niche_fit	Sci-fi|Open World	16 Oct, 2008	X3: Terran Conflict
App_1266030	1266030	80	1040.0	89.5	1869		0	2	strong_fit|strong_niche_fit	Choices Matter|Story Rich|Singleplayer|Adventure	24 Feb, 2023	The Pale Beyond
App_690640	690640	80	1520.0	92.5	2913		0	2	strong_fit|strong_niche_fit	Action-Adventure|Fantasy	8 Oct, 2019	Trine 4: The Nightmare Prince
App_1859470	1859470	80	1799.0	91.5	1656		0	2	strong_fit|strong_niche_fit	Action-Adventure|Remake	25 Aug, 2022	PAC-MAN WORLD Re-PAC
App_758330	758330	80	2120.0	88.5	2152		0	2	strong_fit|strong_niche_fit	Adventure|Open World|Story Rich|Action|RPG	21 Aug, 2018	Shenmue I & II
App_534380	534380	80	4500.0	78.5	165619	82.0	18810	2	mainstream_quality|strong_fit	Open World|Horror	3 Feb, 2022	Dying Light 2 Stay Human: Reloaded Edition
App_1107790	1107790	77	943.0	77.5	3319	78.0	394	2	strong_niche_fit|exceptional_discount	Adventure|Choices Matter|Story Rich	31 Mar, 2020	The Complex
App_6510	6510	77	1254.0	79.5	1882		0	2	strong_fit|strong_niche_fit	Action|Adventure|Sci-fi|Third Person	26 Jun, 2007	Lost Planet™: Extreme Condition
App_260730	260730	75	262.0	86.5	2123		0	2	strong_fit|strong_niche_fit	Western|Action|Stealth	20 Nov, 2013	Desperados: Wanted Dead or Alive
App_94300	94300	75	300.0	88.5	1377		0	2	strong_niche_fit|substantive_content	Adventure|Story Rich|Third Person	11 May, 2012	The Dream Machine: Chapter 1 & 2
App_1081510	1081510	75	448.0	76.5	2741	84.0	608	2	strong_fit|strong_niche_fit	Choices Matter|Adventure|Cinematic	11 Jul, 2019	She Sees Red - Interactive Movie
App_39540	39540	75	462.0	86.5	2416	85.0	384	2	strong_fit|strong_niche_fit	RPG|Fantasy|Action|Singleplayer|Story Rich	3 Nov, 2009	SpellForce - Platinum Edition
App_211600	211600	75	525.0	91.5	2568		0	2	strong_fit|strong_niche_fit	Stealth|Horror	22 May, 2012	Thief Gold (1999)
App_914710	914710	75	600.0	93.5	2008		0	2	strong_fit|strong_niche_fit	Adventure|Exploration|Action RPG|Hack and Slash|RPG	24 Sep, 2019	Cat Quest II
App_538070	538070	75	650.0	90.5	1967		0	2	strong_fit|strong_niche_fit	Adventure|Horror|Choices Matter	9 Mar, 2017	Bad Dream: Coma
App_398850	398850	75	650.0	94.5	2235		0	2	strong_fit|strong_niche_fit	Adventure|Narrative|Exploration|Story Rich|Singleplayer	30 Mar, 2016	Epistory - Typing Chronicles
App_635320	635320	75	662.0	87.5	2965	88.0	242	2	strong_fit|strong_niche_fit	Adventure|Story Rich|Choices Matter	31 Aug, 2017	Last Day of June
App_552590	552590	75	662.0	90.5	2901		0	2	strong_fit|strong_niche_fit	Mystery|Adventure|Detective	11 Apr, 2017	The Sexy Brutale
App_207350	207350	75	662.0	92.5	1835		0	2	strong_fit|strong_niche_fit	RPG|JRPG|Action|Action RPG|Adventure	31 May, 2012	Ys Origin
App_209370	209370	75	725.0	93.5	1697		0	2	strong_fit|strong_niche_fit	Sci-fi|Story Rich	27 Apr, 2012	Analogue: A Hate Story
App_233550	233550	75	725.0	84.5	1656		0	2	strong_fit|strong_niche_fit	Adventure|Action|Remake|Sci-fi	4 Apr, 2013	Another World – 20th Anniversary Edition
App_826940	826940	75	825.0	79.5	1769		0	2	strong_fit|strong_niche_fit	Horror|Adventure|Action|Stealth	28 Jul, 2020	Maid of Sker
App_876650	876650	75	1025.0	93.5	1833		0	2	strong_fit|strong_niche_fit	Exploration|Open World|Story Rich	17 Apr, 2020	Aground
App_1549690	1549690	75	1025.0	86.5	2054		0	2	strong_fit|strong_niche_fit	Sci-fi|Combat|Cyberpunk	23 Aug, 2023	SPRAWL
App_1316230	1316230	75	1075.0	78.5	2048	77.0	381	2	strong_fit|strong_niche_fit	Open World|Fantasy	27 May, 2021	Force of Nature 2: Ghost Keeper
App_825630	825630	75	1100.0	93.5	1637		0	2	strong_fit|strong_niche_fit	Story Rich|Sci-fi	8 May, 2018	STEINS;GATE 0
App_1122680	1122680	75	1237.0	90.5	1806		0	2	strong_fit|strong_niche_fit	Adventure|Story Rich|Singleplayer|Sci-fi	9 Sep, 2021	The Artful Escape
App_1457080	1457080	75	1900.0	82.5	2534		0	2	strong_fit|strong_niche_fit	RPG|Hack and Slash|Singleplayer|Fantasy	18 Apr, 2023	The Mageseeker: A League of Legends Story™
App_1266700	1266700	75	2065.0	78.5	2291		0	2	strong_fit|strong_niche_fit	Action-Adventure|Sci-fi|Adventure	30 Aug, 2022	Destroy All Humans! 2 - Reprobed
App_31270	31270	70	375.0	88.5	1622		0	2	strong_fit|strong_niche_fit	Detective|Mystery|Adventure	7 Jul, 2010	Puzzle Agent
App_1574270	1574270	70	555.0	97.5	2148		0	2	strong_fit|strong_niche_fit	Story Rich|Horror	20 Jan, 2022	Sucker for Love: First Date
App_2400	2400	70	555.0	83.5	2556	82.0	227	2	strong_fit|strong_niche_fit	Action|Stealth|Mystery|RPG	11 Jul, 2006	The Ship: Murder Party
App_336140	336140	70	720.0	94.5	1863		0	2	strong_fit|strong_niche_fit	Adventure|Story Rich|Mystery	8 Aug, 2018	Unavowed
App_223810	223810	70	720.0	87.5	2739		0	2	strong_fit|strong_niche_fit	JRPG|Action|RPG|Adventure|Action RPG	14 Feb, 2013	Ys I & II Chronicles+
App_207320	207320	70	720.0	92.5	1931		0	2	strong_fit|strong_niche_fit	Action|RPG|JRPG|Adventure|Action RPG	19 Mar, 2012	Ys: The Oath in Felghana
App_836640	836640	70	957.0	79.5	1846		0	2	strong_fit|strong_niche_fit	Mystery|Horror	12 Nov, 2018	寄居隅怪奇事件簿 Hermitage Strange Case Files
App_1398740	1398740	70	1025.0	93.5	1968		0	2	strong_fit|strong_niche_fit	Story Rich|Detective	25 Aug, 2021	The Chrono Jotter
App_440540	440540	70	1230.0	93.5	1875		0	2	strong_fit|strong_niche_fit	Exploration|JRPG|RPG|Open World	2 Jun, 2016	Ara Fell: Enhanced Edition
App_1259840	1259840	70	1559.0	89.5	2062		0	2	strong_fit|strong_niche_fit	Mystery|Exploration|Story Rich	28 May, 2020	The House of Da Vinci 2
App_1269640	1269640	70	1560.0	96.5	2560		0	2	strong_fit|strong_niche_fit	Story Rich|Emotional|Exploration|Singleplayer	22 Sep, 2022	Beacon Pines
App_359320	359320	70	1560.0	75.5	82575	78.0	8795	2	strong_fit|strong_niche_fit	Open World|Exploration|Sci-fi	2 Apr, 2015	Elite Dangerous
App_819030	819030	70	2130.0	89.5	1589		0	2	strong_fit|strong_niche_fit	Sci-fi|Story Rich|Adventure	19 Feb, 2019	STEINS;GATE ELITE
App_1157390	1157390	70	3150.0	82.5	6751	85.0	883	2	mainstream_quality|strong_fit	Dark Fantasy|RPG|Choices Matter	26 Apr, 2022	King Arthur: Knight's Tale
App_460120	460120	69	1752.0	91.5	1506		0	2	strong_fit|strong_niche_fit	JRPG|RPG|Story Rich	5 Jul, 2016	Megadimension Neptunia VII
App_1700	1700	67	554.0	86.5	2449	94.0	622	2	strong_fit|strong_niche_fit	RPG|Dark Fantasy|Fantasy	3 Apr, 2007	Arx Fatalis
App_1221250	1221250	67	1353.0	92.5	1767		0	2	strong_fit|strong_niche_fit	Story Rich|Mystery	24 Mar, 2022	NORCO
App_2210	2210	67	1663.0	86.5	3128	87.0	447	2	strong_fit|strong_niche_fit	Action|Sci-fi|Horror|Singleplayer	4 Aug, 2011	Quake 4
App_1458140	1458140	67	3030.0	82.5	21645	84.0	2710	2	mainstream_quality|strong_fit	Exploration|Story Rich|Survival Horror	21 Feb, 2024	Pacific Drive
App_253110	253110	66	884.0	91.5	2700		0	2	strong_fit|strong_niche_fit	Horror|Story Rich|Adventure	4 Dec, 2013	The Cat Lady
App_1118240	1118240	66	901.0	86.5	4515	85.0	425	2	strong_fit|strong_niche_fit	Story Rich|Open World	1 Sep, 2021	Lake
App_1492070	1492070	66	1944.0	82.5	4911		0	2	strong_fit|strong_niche_fit	Adventure|Action-Adventure|Story Rich	18 Apr, 2024	Sker Ritual
App_431710	431710	65	210.0	88.5	451		0	2	strong_niche_fit|substantive_content	Adventure|Sci-fi|Story Rich	8 Jan, 2016	Space Pilgrim Episode II: Epsilon Indi
App_439250	439250	65	210.0	87.5	355		0	2	strong_niche_fit|substantive_content	Adventure|Sci-fi|Story Rich	4 Feb, 2016	Space Pilgrim Episode III: Delta Pavonis
App_446640	446640	65	210.0	89.5	360		0	2	strong_niche_fit|substantive_content	Adventure|Sci-fi|Story Rich	4 Mar, 2016	Space Pilgrim Episode IV: Sol
App_32380	32380	65	612.0	79.5	1861		0	2	strong_fit|strong_niche_fit	Action|Sci-fi|Third Person|Singleplayer	16 Sep, 2009	STAR WARS™ Jedi Knight: Dark Forces II
App_12130	12130	65	647.0	70.5	8178	78.0	1264	2	strong_fit|strong_niche_fit	Horror|Stealth|Action	6 Jan, 2011	Manhunt
App_284390	284390	65	647.0	94.5	1862		0	2	strong_fit|strong_niche_fit	Story Rich|Horror|Singleplayer	20 May, 2014	The Last Door - Collector's Edition
App_1665190	1665190	65	717.0	97.5	2462		0	2	strong_fit|strong_niche_fit	Choices Matter|Story Rich	21 Oct, 2022	Monster Prom 3: Monster Roadtrip
App_439190	439190	65	1435.0	86.5	1945		0	2	strong_fit|strong_niche_fit	Adventure|RPG|Action|Choices Matter|Fantasy	12 Apr, 2016	Stories: The Path of Destinies
App_597760	597760	65	1645.0	93.5	2161		0	2	strong_fit|strong_niche_fit	Horror|Story Rich|Exploration	25 Apr, 2019	Yuppie Psycho: Executive Edition
App_2346840	2346840	65	1749.0	92.5	1174		0	2	strong_niche_fit|recent_fit	Adventure|Story Rich|Horror	28 Jul, 2025	One-Eyed Likho
App_1715130	1715130	65	3290.0	76.5	16862	83.0	6274	2	mainstream_quality|strong_fit	Action|Sci-fi|Stealth|Singleplayer	17 Sep, 2021	Crysis Remastered
App_458710	458710	60	740.0	94.5	2575		0	2	strong_fit|strong_niche_fit	Singleplayer|Fantasy|Choices Matter	25 Jul, 2016	Kingdom Rush Frontiers - Tower Defense
App_1697700	1697700	60	820.0	94.5	1831		0	2	strong_fit|strong_niche_fit	Horror|Detective	23 Feb, 2022	Who's Lila?
App_1373510	1373510	60	960.0	89.5	1606		0	2	strong_fit|strong_niche_fit	Action|Hack and Slash|Horror	20 Nov, 2020	BloodRayne: Terminal Cut
App_333980	333980	60	1060.0	83.5	3076		0	2	strong_fit|strong_niche_fit	JRPG|Action|RPG|Open World|Adventure	26 May, 2015	AKIBA'S TRIP: Undead ＆ Undressed
App_313630	313630	60	1060.0	78.5	2475	81.0	328	2	strong_fit|strong_niche_fit	Adventure|Exploration|Sci-fi|Survival Horror|Singleplayer	7 Jun, 2016	The Solus Project
App_2015240	2015240	60	1160.0	80.5	2849		0	2	strong_fit|strong_niche_fit	Action RPG|Hack and Slash	27 Sep, 2024	Dwarven Realms
App_720560	720560	60	1166.0	84.5	3343	82.0	225	2	strong_fit|strong_niche_fit	Souls-like|Action RPG	14 Oct, 2020	Vigil: The Longest Night
App_1510	1510	60	1360.0	88.5	1771		0	2	strong_fit|strong_niche_fit	Singleplayer|Cyberpunk|Sci-fi	23 Aug, 2006	Uplink
App_269250	269250	60	1440.0	85.5	458		0	2	strong_niche_fit|substantive_content	Sci-fi|Story Rich|Singleplayer	17 Jun, 2014	WORLD END ECONOMiCA episode.01
App_1622350	1622350	60	1640.0	88.5	4662	87.0	558	2	strong_fit|strong_niche_fit	Emotional|Adventure|Story Rich|Singleplayer	19 Sep, 2024	Copycat
App_230070	230070	60	1640.0	81.5	3592	89.0	723	2	strong_fit|strong_niche_fit	Story Rich|Choices Matter	14 Oct, 2015	The Age of Decadence
App_1710170	1710170	60	1720.0	89.5	2420	91.0	827	2	strong_fit|strong_niche_fit	Dark Fantasy|Souls-like|Action|Combat|RPG	7 Oct, 2021	Blade of Darkness
App_897670	897670	60	1892.0	85.5	1096		0	2	strong_niche_fit|substantive_content	RPG|Adventure|Action|Hack and Slash|Action RPG	27 Mar, 2019	Grim Dawn - Forgotten Gods Expansion
App_1402120	1402120	60	2080.0	78.5	2304		0	2	strong_fit|strong_niche_fit	Fantasy|Action RPG	27 Mar, 2023	9 Years of Shadows
App_1249040	1249040	60	2080.0	92.5	1826		0	2	strong_fit|strong_niche_fit	Singleplayer|Third Person|Horror	15 Nov, 2023	American Arcadia
App_524580	524580	60	2080.0	84.5	2081		0	2	strong_fit|strong_niche_fit	JRPG|RPG|Singleplayer|Story Rich	14 Feb, 2017	Fairy Fencer F Advent Dark Force
App_1669420	1669420	60	2080.0	94.5	1866		0	2	strong_fit|strong_niche_fit	Adventure|Story Rich|Fantasy	24 Aug, 2022	Islets
App_642280	642280	60	2112.0	88.5	1462		0	2	strong_niche_fit|substantive_content	RPG|Action|Hack and Slash|Adventure|Action RPG	11 Oct, 2017	Grim Dawn - Ashes of Malmouth Expansion
App_2008920	2008920	60	2380.0	92.5	2203		0	2	strong_fit|strong_niche_fit	Adventure|Exploration|Horror|Action|Mystery	16 May, 2024	Lorelei and the Laser Eyes
